Location;TimeFrame;Data
Brooklyn;2005;2446016
Queens;2005;2215339
Manhattan;2005;1529774
Bronx;2005;1309640
Staten Island;2005;455344
Brooklyn;2006;2508820
Queens;2006;2255175
Manhattan;2006;1611581
Bronx;2006;1361473
Staten Island;2006;477377
Brooklyn;2007;2528050
Queens;2007;2270338
Manhattan;2007;1620867
Bronx;2007;1373659
Staten Island;2007;481613
Brooklyn;2008;2556598
Queens;2008;2293007
Manhattan;2008;1634795
Bronx;2008;1391903
Staten Island;2008;487407
Brooklyn;2009;2567098
Queens;2009;2306712
Manhattan;2009;1629054
Bronx;2009;1397287
Staten Island;2009;491730
Brooklyn;2010;2508340
Queens;2010;2233841
Manhattan;2010;1586698
Bronx;2010;1386657
Staten Island;2010;469393
Brooklyn;2011;2532645
Queens;2011;2247848
Manhattan;2011;1601948
Bronx;2011;1392002
Staten Island;2011;470467
Brooklyn;2012;2565635
Queens;2012;2272771
Manhattan;2012;1619090
Bronx;2012;1408473
Staten Island;2012;470728
Brooklyn;2013;2592149
Queens;2013;2296175
Manhattan;2013;1626159
Bronx;2013;1418733
Staten Island;2013;472621
Brooklyn;2014;2621793
Queens;2014;2321580
Manhattan;2014;1636268
Bronx;2014;1438159
Staten Island;2014;473279
Brooklyn;2015;2636735
Queens;2015;2339150
Manhattan;2015;1644518
Bronx;2015;1455444
Staten Island;2015;474558
Brooklyn;2016;2629159
Queens;2016;2333054
Manhattan;2016;1643734
Bronx;2016;1455720
Staten Island;2016;476015
Brooklyn;2017;2648771
Queens;2017;2358582
Manhattan;2017;1664727
Bronx;2017;1471160
Staten Island;2017;479458
Brooklyn;2018;2582830
Queens;2018;2278906
Manhattan;2018;1628701
Bronx;2018;1432132
Staten Island;2018;476179
